ticker,price,sma50,sma150,sma200,high_52w,low_52w,return_3m,return_6m,return_9m,return_12m,k_ratio,rs_rating,stage2,gates_passed,g1_price_above_150_200,g2_sma150_above_sma200,g3_sma200_trending_up,g4_sma50_above_150_200,g5_price_above_sma50,g6_30pct_above_52w_low,g7_within_25pct_of_52w_high,g8_rs_rating_ge_70,name,sector,country,currency,index,dist_from_high,rank_rs,rank_prox,rank_1yr,rank_k,composite,rank_overall
CLMT,56.79999923706055,45.32019981384278,36.38340003967285,32.38410000801086,56.79999923706055,17.389999389648438,0.626575092079281,0.9763395855744181,1.8686869406916662,2.216308025358449,61.52653488110815,97.6,True,8,True,True,True,True,True,True,True,True,"Calumet, Inc.",Energy,US,USD,US $1bn+,0.0,0.9567757009345794,0.9287383177570093,0.9392523364485982,0.9719626168224299,0.9491822429906542,1
TXG,68.58999633789062,53.204800033569335,33.69400002797445,29.947950038909912,68.58999633789062,11.34000015258789,1.361101485000623,2.6214358185763063,2.844730703544354,4.44797422609974,42.57782118817993,98.8,True,8,True,True,True,True,True,True,True,True,"10x Genomics, Inc.",Industrials,US,USD,US $1bn+,0.0,0.991822429906542,0.9287383177570093,0.985981308411215,0.8387850467289719,0.9363317757009345,2
ECO,76.1500015258789,61.13753059387207,52.94490297953288,48.30763710975647,76.1500015258789,26.368288040161133,0.5303457414492248,0.7704658271034821,1.2534553763757668,1.9002806095244518,58.36512592206875,96.9,True,8,True,True,True,True,True,True,True,True,Okeanis Eco Tankers Corp.,Consumer Discretionary,US,USD,US $1bn+,0.0,0.9228971962616822,0.9287383177570093,0.9205607476635514,0.9579439252336449,0.932535046728972,3
VLO,390.4200134277344,324.75411193847657,266.08628153483073,243.52171165466308,390.4200134277344,154.46533203125,0.5274648047919761,0.6556550505485814,1.2405188333482635,1.4939102021147375,56.94629644942405,96.5,True,8,True,True,True,True,True,True,True,True,Valero Energy Corporation,Energy,US,USD,US $1bn+,0.0,0.9030373831775701,0.9287383177570093,0.8644859813084113,0.9462616822429907,0.9106308411214954,4
SEPL.L,777.0,612.2552465820313,539.6537599690755,477.2409320831299,777.0,246.92544555664062,0.49423076923076925,0.7082078827556502,2.0965521691018876,1.9901619937438602,40.89815342557815,97.3,True,8,True,True,True,True,True,True,True,True,Seplat Energy Plc,Energy,UK,GBp,UK $1bn+,0.0,0.9415887850467289,0.9287383177570093,0.927570093457944,0.8037383177570093,0.9004088785046729,5
NAT,7.460000038146973,6.54069655418396,5.695141736666361,5.144483985900879,7.460000038146973,2.863475799560547,0.44854366990351124,0.5657554050436231,1.2731145384415212,1.5153902662432532,51.89922246330353,96.3,True,8,True,True,True,True,True,True,True,True,Nordic American Tankers Limited,Consumer Discretionary,US,USD,US $1bn+,0.0,0.8948598130841121,0.9287383177570093,0.8714953271028038,0.9042056074766355,0.8998247663551402,6
APGE,135.07000732421875,134.085400390625,97.33963340759277,91.61117498397827,135.07000732421875,36.529998779296875,0.7160463587257797,0.9718249244411497,0.8767542730757114,2.713775399806402,36.271698243063426,97.5,True,8,True,True,True,True,True,True,True,True,"Apogee Therapeutics, Inc.",Health Care,US,USD,US $1bn+,0.0,0.9521028037383178,0.9287383177570093,0.9672897196261683,0.7219626168224299,0.8925233644859814,7
FRO,49.209999084472656,40.845799865722654,36.30940944671631,32.864809312820434,49.209999084472656,19.114540100097656,0.3830802853281905,0.66895587743858,1.328914179766325,1.3474875356715086,45.13374057380778,96.0,True,8,True,True,True,True,True,True,True,True,Frontline plc,Consumer Discretionary,US,USD,US $1bn+,0.0,0.8820093457943925,0.9287383177570093,0.8481308411214953,0.8621495327102804,0.8802570093457944,8
MATX,230.17999267578125,214.24123352050782,187.67790466308594,173.7056623840332,230.17999267578125,87.3958511352539,0.15679966638939913,0.545375784631533,0.9862731245433061,1.2506101868056723,59.021252703031344,93.6,True,8,True,True,True,True,True,True,True,True,"Matson, Inc.",Consumer Discretionary,US,USD,US $1bn+,0.0,0.7897196261682243,0.9287383177570093,0.8317757009345794,0.9649532710280374,0.8787967289719626,9
INSW,103.6500015258789,93.94478240966797,79.59219212849935,71.78109296798706,104.5,39.0138053894043,0.3286757939689937,0.6945507154834909,1.2838108316672017,1.4888723480438868,70.64102160636104,96.1,True,8,True,True,True,True,True,True,True,True,"International Seaways, Inc.",Consumer Discretionary,US,USD,US $1bn+,0.008133956690154006,0.8878504672897196,0.764018691588785,0.8621495327102804,0.9929906542056075,0.8767523364485981,10
CMBT,19.479999542236328,16.764200019836426,14.540329297383627,13.46234067440033,19.489999771118164,8.532326698303223,0.3038822014301923,0.6888806574528785,1.014747137953285,1.169891204063953,55.546265553774845,94.8,True,8,True,True,True,True,True,True,True,True,Cmb.Tech NV,Consumer Discretionary,US,USD,US $1bn+,0.0005130953822100641,0.8387850467289719,0.8504672897196262,0.8107476635514018,0.9345794392523364,0.8586448598130841,11
DELL,567.2899780273438,448.8843994140625,307.0652778116862,261.4351938247681,567.2899780273438,110.7273941040039,0.4492015847155313,2.795912620503753,3.134963981087986,3.608848369190688,28.732631570974135,98.6,True,8,True,True,True,True,True,True,True,True,Dell Technologies Inc.,Technology,US,USD,US $1bn+,0.0,0.9848130841121495,0.9287383177570093,0.9789719626168224,0.5,0.8481308411214953,12
DRTS,14.430000305175781,13.509600028991699,10.121466687520345,9.000000015497207,15.029999732971191,3.4700000286102295,0.49070246386874916,1.0703013973518365,2.4113475744939694,2.848000081380208,60.236171749402274,98.0,True,8,True,True,True,True,True,True,True,True,Alpha Tau Medical Ltd.,Health Care,US,USD,US $1bn+,0.0399201223190441,0.9672897196261683,0.47897196261682246,0.9719626168224299,0.9672897196261683,0.8463785046728973,13
ROIV,40.81999969482422,35.79459991455078,31.256766624450684,28.908474969863892,41.810001373291016,13.949999809265137,0.37302389247711654,0.42977235676546255,0.9980420501747516,1.9644152750778936,55.99026101180098,96.1,True,8,True,True,True,True,True,True,True,True,Roivant Sciences Ltd.,Health Care,US,USD,US $1bn+,0.023678585169796904,0.8878504672897196,0.6074766355140186,0.9252336448598131,0.9392523364485982,0.8399532710280374,14
NMM,92.3499984741211,81.3552000427246,73.34142735799153,68.65858549118042,92.3499984741211,43.42521667480469,0.25817433997683126,0.5396296468244857,0.744506738138917,0.9206975348203317,58.07088411169049,92.1,True,8,True,True,True,True,True,True,True,True,Navios Maritime Partners L.P.,Consumer Discretionary,US,USD,US $1bn+,0.0,0.7231308411214953,0.9287383177570093,0.719626168224299,0.9532710280373832,0.8311915887850467,15
MNTN.L,2.5032999515533447,2.102432014942169,1.9834940059979758,1.8389955061674117,2.5032999515533447,1.1100000143051147,0.16976627515886866,0.3945961066311514,1.2153097009882874,1.0688428699448367,40.7271217557465,93.3,True,8,True,True,True,True,True,True,True,True,The Schiehallion Fund Limited,Financial Services,UK,USD,UK $1bn+,0.0,0.7745327102803738,0.9287383177570093,0.7733644859813084,0.7990654205607477,0.8189252336448598,16
PBF,78.30000305175781,66.39506469726562,49.617517954508465,44.865620079040525,78.30000305175781,25.642627716064453,0.9037199372323255,0.8366647055533807,1.526305658123154,1.8413394547684985,27.822182065092356,97.5,True,8,True,True,True,True,True,True,True,True,PBF Energy Inc.,Energy,US,USD,US $1bn+,0.0,0.9521028037383178,0.9287383177570093,0.9158878504672897,0.47897196261682246,0.8189252336448598,17
TEN,47.900001525878906,40.56571395874023,38.593104540507,35.04447840690613,47.900001525878906,21.040000915527344,0.29075722818817606,0.3760413569713781,0.9950021269995484,1.2268712699297315,35.16081343606971,94.0,True,8,True,True,True,True,True,True,True,True,Tsakos Energy Navigation Limited,Consumer Discretionary,US,USD,US $1bn+,0.0,0.8072429906542056,0.9287383177570093,0.8294392523364486,0.6682242990654206,0.808411214953271,18
LFST,12.970000267028809,11.643499965667724,8.831399974822999,8.365499987602234,13.0,4.809999942779541,0.5063880121029141,1.0489732106402938,1.0015432451932718,1.508704076524154,33.36182179579211,96.7,True,8,True,True,True,True,True,True,True,True,"LifeStance Health Group, Inc.",Health Care,US,USD,US $1bn+,0.0023076717670147237,0.9112149532710281,0.8271028037383178,0.866822429906542,0.6261682242990654,0.8078271028037383,19
PSX,259.4700012207031,221.2514013671875,186.98926157633463,174.50243625640869,260.7799987792969,124.66630554199219,0.4568781152645973,0.49043601975324735,0.8701967989621251,1.0075152730351653,41.2195010185312,94.4,True,8,True,True,True,True,True,True,True,True,Phillips 66,Energy,US,USD,US $1bn+,0.005023382025944505,0.822429906542056,0.7897196261682243,0.7616822429906542,0.8154205607476636,0.7973130841121495,20
DAC,159.3300018310547,141.00400024414063,126.34041015625,118.84818454742431,159.3300018310547,82.78882598876953,0.2249557381349343,0.47254227220519884,0.6862001634710575,0.7233878472685555,65.23150822847082,89.8,True,8,True,True,True,True,True,True,True,True,Danaos Corporation,Consumer Discretionary,US,USD,US $1bn+,0.0,0.6413551401869159,0.9287383177570093,0.6238317757009346,0.985981308411215,0.7949766355140188,21
AVT,99.62999725341797,89.82939910888672,79.70688117980957,72.4681495475769,99.62999725341797,43.64106750488281,0.12588992720734926,0.6601369723607413,1.0417981647790016,0.890264871084087,40.75831600207649,92.4,True,8,True,True,True,True,True,True,True,True,"Avnet, Inc.",Technology,US,USD,US $1bn+,0.0,0.735981308411215,0.9287383177570093,0.7126168224299065,0.8014018691588785,0.7946845794392523,22
RVMD,203.77000427246094,198.24070098876953,152.00963343302408,136.75712497711183,221.14999389648438,42.5099983215332,0.36547617842528024,1.143368096419112,1.618815199409494,4.0375772664794685,63.49226277743962,98.1,True,8,True,True,True,True,True,True,True,True,"Revolution Medicines, Inc.",Health Care,US,USD,US $1bn+,0.07858914810623346,0.9707943925233645,0.24299065420560748,0.9813084112149533,0.9813084112149533,0.7941004672897196,23
CMCX.L,742.0,716.7934008789063,492.7080438232422,445.90180282592775,785.0,205.93775939941406,0.613232593170971,1.2419547704108167,1.5633402015598157,2.3508995897004916,47.60615893128607,97.6,True,8,True,True,True,True,True,True,True,True,CMC Markets Plc,Financial Services,UK,GBp,UK $1bn+,0.05477707006369427,0.9567757009345794,0.37383177570093457,0.9509345794392523,0.8785046728971962,0.7900116822429906,24
FBRX,76.98999786376953,52.73780002593994,35.38873339335124,32.21490003108978,76.98999786376953,10.300000190734863,2.585933876387281,1.70710254634391,3.1808305205595913,5.804242219968466,18.00654827656898,98.9,True,8,True,True,True,True,True,True,True,True,"Forte Biosciences, Inc.",Health Care,US,USD,US $1bn+,0.0,0.9964953271028038,0.9287383177570093,0.9929906542056075,0.23598130841121495,0.788551401869159,25
DK,76.0999984741211,65.3831997680664,50.20319513956706,45.52074905395508,76.0999984741211,26.356430053710938,0.6167410020716229,0.823613065445608,1.143412719236324,1.6089307928031795,25.97854471967586,96.8,True,8,True,True,True,True,True,True,True,True,"Delek US Holdings, Inc.",Energy,US,USD,US $1bn+,0.0,0.9170560747663551,0.9287383177570093,0.8901869158878505,0.4158878504672897,0.7879672897196262,26
HPE,62.09000015258789,51.10800025939941,37.68215478261312,33.9236483669281,62.09000015258789,19.772817611694336,0.33059100514610607,1.8957535407619952,1.537997364939506,1.5858597589330126,24.279529175147506,97.2,True,8,True,True,True,True,True,True,True,True,Hewlett Packard Enterprise Company,Technology,US,USD,US $1bn+,0.0,0.9380841121495327,0.9287383177570093,0.8878504672897196,0.37850467289719625,0.7832943925233644,27
PBT,35.45000076293945,31.209750328063965,25.98160082499186,23.932131547927856,35.54999923706055,16.406152725219727,0.23299311604644224,0.723388584786806,0.9496512742274408,0.9685829747850776,37.4167114571879,93.8,True,8,True,True,True,True,True,True,True,True,Permian Basin Royalty Trust,Energy,US,USD,US $1bn+,0.0028128966601171194,0.7978971962616822,0.8177570093457944,0.7429906542056075,0.7383177570093458,0.7742406542056074,28
TNK,100.83000183105469,81.24679992675782,75.53700065612793,70.80942823410034,100.83000183105469,47.8762092590332,0.39075864594558185,0.577486001531891,0.9093347048500187,0.9829831825913871,32.06720526869823,94.2,True,8,True,True,True,True,True,True,True,True,Teekay Tankers Ltd.,Consumer Discretionary,US,USD,US $1bn+,0.0,0.8177570093457944,0.9287383177570093,0.7546728971962616,0.5887850467289719,0.7724883177570093,29
PARR,84.6500015258789,76.39719985961914,62.71859982808431,56.79344987869263,86.02999877929688,32.81999969482422,0.5285301533628126,0.5929620342142599,0.9644929502464858,1.5443342459024683,33.35625174477189,96.1,True,8,True,True,True,True,True,True,True,True,"Par Pacific Holdings, Inc.",Energy,US,USD,US $1bn+,0.01604088426129404,0.8878504672897196,0.6752336448598131,0.8785046728971962,0.6238317757009346,0.7663551401869159,30
MPC,395.92999267578125,332.9726373291016,267.9178279622396,245.4303985595703,399.44000244140625,161.8190460205078,0.5180782806718571,0.7209109404592213,1.086269656617394,1.201099121559519,32.86224461034358,95.9,True,8,True,True,True,True,True,True,True,True,Marathon Petroleum Corporation,Energy,US,USD,US $1bn+,0.008787326617693686,0.8761682242990654,0.7523364485981309,0.8247663551401869,0.6121495327102804,0.7663551401869159,31
CGEO.L,4515.0,4298.9,3998.1,3772.0,4515.0,2340.0,0.07372175980975038,0.2682584269662922,0.5279187817258884,0.9171974522292994,53.96082074933525,86.1,True,8,True,True,True,True,True,True,True,True,Georgia Capital PLC,Financial Services,UK,GBp,UK $1bn+,0.0,0.49883177570093457,0.9287383177570093,0.7172897196261683,0.9158878504672897,0.7651869158878505,32
DHT,22.0,18.844200019836425,17.782343635559084,16.39438364982605,22.0,10.543050765991211,0.3213213515942399,0.35370426378601527,0.8666807356844777,0.9346725694769424,35.25898458916552,92.3,True,8,True,True,True,True,True,True,True,True,"DHT Holdings, Inc.",Consumer Discretionary,US,USD,US $1bn+,0.0,0.7313084112149533,0.9287383177570093,0.7242990654205608,0.6752336448598131,0.7648948598130841,33
DINO,107.83999633789062,91.27490020751954,72.1188400777181,66.33767976760865,108.30999755859375,45.10773849487305,0.5427753073505339,0.895437450501376,1.194603219629263,1.1628251187428114,31.092642949204528,96.4,True,8,True,True,True,True,True,True,True,True,HF Sinclair Corporation,Energy,US,USD,US $1bn+,0.0043394075459087965,0.8983644859813084,0.7967289719626168,0.8060747663551402,0.5584112149532711,0.7648948598130841,34
NESR,33.540000915527344,31.028899993896484,26.23346669514974,23.838225021362305,36.310001373291016,10.03499984741211,0.3491552732127239,0.7405293263506096,1.26010785516592,2.340637554079936,54.764090426089176,96.9,True,8,True,True,True,True,True,True,True,True,National Energy Services Reunited Corp.,Energy,US,USD,US $1bn+,0.07628753381984817,0.9228971962616822,0.2570093457943925,0.9485981308411215,0.927570093457944,0.764018691588785,35
IOVA,8.600000381469727,6.243800005912781,4.570800004005432,4.052150005102158,8.989999771118164,1.809999942779541,1.171717247127598,1.1130221176278723,2.8222223917643228,2.613445364682236,35.05641866743527,98.4,True,8,True,True,True,True,True,True,True,True,"Iovance Biotherapeutics, Inc.",Health Care,US,USD,US $1bn+,0.04338146825113099,0.9789719626168224,0.4485981308411215,0.9649532710280374,0.6635514018691588,0.764018691588785,36
EC,17.75,16.636200065612794,14.636175556182861,13.537042145729066,18.06999969482422,8.202611923217773,0.09163590099288865,0.33559604059238834,0.863156542807088,0.9736828487200695,62.47653391275962,90.0,True,8,True,True,True,True,True,True,True,True,Ecopetrol S.A.,Energy,US,USD,US $1bn+,0.017708893205785503,0.6542056074766355,0.6635514018691588,0.7523364485981309,0.9766355140186916,0.7616822429906541,37
LPG,55.18000030517578,46.21100006103516,39.86044161478679,36.18378758430481,55.20000076293945,22.8393497467041,0.2673403570255175,0.886724450576236,1.3646222410831181,0.8757997539757196,33.42243749954766,95.2,True,8,True,True,True,True,True,True,True,True,Dorian LPG Ltd.,Consumer Discretionary,US,USD,US $1bn+,0.00036232712839199665,0.8539719626168224,0.852803738317757,0.7079439252336449,0.6285046728971962,0.7608060747663551,38
BWLP,25.1299991607666,22.234800033569336,19.30868143081665,17.611146125793457,25.1299991607666,11.16360092163086,0.16666657811752317,0.7651111356872824,1.1852879949087072,0.7115542238487285,35.96243091939282,93.2,True,8,True,True,True,True,True,True,True,True,BW LPG Limited,Consumer Discretionary,US,USD,US $1bn+,0.0,0.7710280373831776,0.9287383177570093,0.6051401869158879,0.7079439252336449,0.7532126168224299,39
ECPG,98.55999755859375,95.41190017700195,82.15623349507649,75.29322519302369,103.73999786376953,40.529998779296875,0.22526099660907373,0.47214342122806485,0.8272154258044546,1.2841250074923658,78.71104357946736,93.3,True,8,True,True,True,True,True,True,True,True,"Encore Capital Group, Inc.",Finance,US,USD,US $1bn+,0.04993252758668949,0.7745327102803738,0.397196261682243,0.8411214953271028,0.9976635514018691,0.7526285046728972,40
CVE,33.11000061035156,29.8303999710083,27.155547612508137,24.772585430145263,33.459999084472656,15.663797378540039,0.16906278670251873,0.4196438144139778,0.8875265649898307,0.9650202991930696,41.82046525240564,91.4,True,8,True,True,True,True,True,True,True,True,Cenovus Energy Inc.,Energy,US,USD,US $1bn+,0.010460205729160135,0.7067757009345794,0.7289719626168224,0.7383177570093458,0.8341121495327103,0.7520443925233645,41
ASX,39.470001220703125,38.31086009979248,32.281016731262206,28.425761399269103,44.670631408691406,10.939949035644531,0.08334382108681315,0.899335524144385,1.4963715200590433,2.5280577340137813,62.6862089762364,97.0,True,8,True,True,True,True,True,True,True,True,"ASE Technology Holding Co., Ltd.",Technology,US,USD,US $1bn+,0.11642168520985834,0.9287383177570093,0.1191588785046729,0.9579439252336449,0.9789719626168224,0.7462032710280374,42
TWST,127.22000122070312,113.00380004882813,76.9274666595459,66.76194999694825,153.10000610351562,25.309999465942383,0.718028304897999,1.9572291926311256,3.028499098418404,4.265728560603872,56.06116618836941,98.7,True,8,True,True,True,True,True,True,True,True,Twist Bioscience Corporation,Health Care,US,USD,US $1bn+,0.16903986839369708,0.9883177570093458,0.05841121495327103,0.9836448598130841,0.9415887850467289,0.7429906542056074,43
MU,975.260009765625,928.607001953125,725.8926841227213,621.9659973144531,1213.3734130859375,150.35183715820312,-0.020544844633309522,1.4069809506428856,2.8668244018049758,5.976250271918664,57.79772590068189,98.6,True,8,True,True,True,True,True,True,True,True,"Micron Technology, Inc.",Technology,US,USD,US $1bn+,0.19624082805203846,0.9848130841121495,0.035046728971962614,0.9953271028037384,0.9509345794392523,0.7415303738317757,44
STT,193.39999389648438,186.2816000366211,157.6782251485189,149.9362448501587,194.25999450683594,108.25247192382812,0.17902724820910976,0.5801655571447673,0.553330506012591,0.7820482150044026,48.47427606726463,89.5,True,8,True,True,True,True,True,True,True,True,State Street Corporation,Finance,US,USD,US $1bn+,0.004427059789303656,0.6285046728971962,0.794392523364486,0.6588785046728972,0.8808411214953271,0.7406542056074767,45
BGEO.L,13670.0,12407.3478515625,11231.537395833333,10774.535849609376,13699.12109375,7378.83642578125,0.23051227538422525,0.3725974900965765,0.46382823509628923,0.7981129427617473,47.4583462946225,88.2,True,8,True,True,True,True,True,True,True,True,Lion Finance Group PLC,Financial Services,UK,GBp,UK $1bn+,0.002125763656712694,0.5817757009345794,0.8317757009345794,0.6682242990654206,0.8761682242990654,0.7394859813084111,46
EWTX,44.400001525878906,42.48790016174316,36.06956672668457,33.40852506637573,48.349998474121094,13.699999809265137,0.3085765141919554,0.4829659563757396,0.9023136776182037,2.02658495534893,49.50828633405384,95.8,True,8,True,True,True,True,True,True,True,True,"Edgewise Therapeutics, Inc.",Health Care,US,USD,US $1bn+,0.08169590636815403,0.8703271028037384,0.2266355140186916,0.9345794392523364,0.897196261682243,0.7321845794392524,47
DNTH,106.19999694824219,106.17859954833985,88.2833331044515,77.29824981689453,115.95999908447266,32.91999816894531,0.3891432464038056,0.3222111224072335,1.4368974870617168,1.802110624605823,50.32890049138989,96.4,True,8,True,True,True,True,True,True,True,True,"Dianthus Therapeutics, Inc.",Health Care,US,USD,US $1bn+,0.08416697320875849,0.8983644859813084,0.21728971962616822,0.9112149532710281,0.8995327102803738,0.7316004672897196,48
MFG,11.449999809265137,10.532999897003174,9.39273333231608,8.994150018692016,11.449999809265137,6.090000152587891,0.20273101456917764,0.48316063736329307,0.5771349102324521,0.7064083076260546,39.71915452779618,88.7,True,8,True,True,True,True,True,True,True,True,"Mizuho Financial Group, Inc.",Finance,US,USD,US $1bn+,0.0,0.5969626168224299,0.9287383177570093,0.602803738317757,0.7827102803738317,0.7278037383177569,49
NGL,17.579999923706055,16.604199962615965,15.009466711680094,13.781700038909912,18.969999313354492,5.75,0.12260537005121575,0.5981818112460049,0.7686117370065466,2.0051282410764815,44.2860956746673,95.0,True,8,True,True,True,True,True,True,True,True,NGL Energy Partners LP,Utilities,US,USD,US $1bn+,0.07327356035642586,0.8492990654205608,0.27102803738317754,0.9299065420560748,0.8551401869158879,0.7263434579439252,50
PLSE,53.11000061035156,39.87070011138916,28.45596668243408,24.86637499332428,54.709999084472656,12.65999984741211,0.9750837417570477,1.493427348013411,2.879474232158052,2.595802231843191,25.278184285115355,98.4,True,8,True,True,True,True,True,True,True,True,"Pulse Biosciences, Inc.",Health Care,US,USD,US $1bn+,0.029245083182156226,0.9789719626168224,0.5584112149532711,0.9626168224299065,0.40186915887850466,0.7254672897196262,51
CDNA,50.2599983215332,42.407599983215334,27.848233273824057,25.74332492828369,52.36000061035156,13.529999732971191,1.1242602977882332,2.055318905198168,1.6109090037160105,2.7704425063162144,27.690415702426428,98.4,True,8,True,True,True,True,True,True,True,True,"CareDx, Inc.",Health Care,US,USD,US $1bn+,0.040106995117245844,0.9789719626168224,0.4742990654205608,0.969626168224299,0.4742990654205608,0.7242990654205608,52
AVNS,24.989999771118164,24.90219985961914,18.835466575622558,16.985449924468995,25.049999237060547,9.890000343322754,0.013381992122789343,0.9090908693517201,1.1124260297788235,1.1035353140056947,27.935702512505728,93.9,True,8,True,True,True,True,True,True,True,True,"Avanos Medical, Inc.",Health Care,US,USD,US $1bn+,0.002395188334122415,0.802570093457944,0.8247663551401869,0.7850467289719626,0.48364485981308414,0.7240070093457944,53
UFCS,55.380001068115234,52.979787063598636,45.567725626627606,43.148576488494875,55.97999954223633,29.75991439819336,0.1605196909359854,0.5122069992073106,0.5832127182794404,0.7991823608053699,48.96523234990588,89.1,True,8,True,True,True,True,True,True,True,True,"United Fire Group, Inc.",Finance,US,USD,US $1bn+,0.010718086442076533,0.6086448598130841,0.7242990654205608,0.6705607476635514,0.8901869158878505,0.7234228971962617,54
PTEN,12.850000381469727,10.894600086212158,10.567073602676391,9.540421113967895,13.149999618530273,5.00360631942749,0.11836385008206252,0.31631077441952393,1.0759227233405309,1.4319936842031167,33.589638323401516,93.4,True,8,True,True,True,True,True,True,True,True,"Patterson-UTI Energy, Inc.",Energy,US,USD,US $1bn+,0.0228136308565214,0.7792056074766355,0.616822429906542,0.8598130841121495,0.6308411214953271,0.7216705607476634,55
PTGX,148.17999267578125,142.85860015869142,114.39230005900065,107.28922508239746,158.6199951171875,58.380001068115234,0.34966746916953984,0.5529238683637578,0.6732158622491069,1.5663316309019537,43.58245760430438,94.8,True,8,True,True,True,True,True,True,True,True,"Protagonist Therapeutics, Inc.",Health Care,US,USD,US $1bn+,0.06581769488577552,0.8387850467289719,0.3060747663551402,0.8855140186915887,0.8481308411214953,0.719626168224299,56
SFL,13.180000305175781,11.955000019073486,11.195795421600343,10.37343405008316,13.180000305175781,6.588143825531006,0.17783742622127208,0.3478605949329485,0.6387850995906901,0.6667302232572982,41.7719516388707,87.5,True,8,True,True,True,True,True,True,True,True,SFL Corporation Ltd.,Consumer Discretionary,US,USD,US $1bn+,0.0,0.5572429906542056,0.9287383177570093,0.5560747663551402,0.8317757009345794,0.7184579439252337,57
TVTX,66.16999816894531,60.97779998779297,46.09039993286133,43.042674932479855,67.5199966430664,22.770000457763672,0.3528930356855533,1.401814882082927,0.9174152821577282,1.4229219869251284,27.434384998543223,96.6,True,8,True,True,True,True,True,True,True,True,"Travere Therapeutics, Inc.",Health Care,US,USD,US $1bn+,0.019994054224523192,0.9065420560747663,0.6401869158878505,0.8574766355140186,0.4602803738317757,0.7161214953271028,58
PHVS,38.02000045776367,35.06279975891113,31.05283323923747,29.801149921417235,38.02000045776367,20.959999084472656,0.18074532785485964,0.441243429389814,0.581530740841474,0.6352688368930612,43.897503919923466,87.5,True,8,True,True,True,True,True,True,True,True,Pharvaris N.V.,Health Care,US,USD,US $1bn+,0.0,0.5572429906542056,0.9287383177570093,0.5210280373831776,0.852803738317757,0.7149532710280374,59
CRNX,84.94999694824219,76.80679992675782,51.5541332244873,50.86957490921021,84.94999694824219,32.61000061035156,1.5672407542010376,1.150088599268401,0.877347998856181,1.5510510178540438,8.676925505054228,97.7,True,8,True,True,True,True,True,True,True,True,"Crinetics Pharmaceuticals, Inc.",Health Care,US,USD,US $1bn+,0.0,0.9602803738317757,0.9287383177570093,0.883177570093458,0.07710280373831775,0.7123247663551402,60
CGEM,20.59000015258789,19.367400016784668,16.105033302307127,14.869774975776672,22.950000762939453,5.75,0.5862866624601153,0.4759856942014209,0.6658576637956903,2.1823803431650477,42.524164365055675,96.7,True,8,True,True,True,True,True,True,True,True,"Cullinan Therapeutics, Inc.",Health Care,US,USD,US $1bn+,0.10283226718504439,0.9112149532710281,0.1588785046728972,0.9369158878504673,0.8364485981308412,0.7108644859813084,61
MRX,73.0,67.9776993560791,55.516447931925455,51.191924800872805,78.2699966430664,27.916006088256836,0.1523283624043179,1.1078968453550515,0.9252016397578915,1.140499878805938,53.57782708002471,94.8,True,8,True,True,True,True,True,True,True,True,Marex Group Limited,Finance,US,USD,US $1bn+,0.06733099360025656,0.8387850467289719,0.29439252336448596,0.7990654205607477,0.9088785046728972,0.7102803738317757,62
SMTC,167.24000549316406,133.6079998779297,120.31860026041667,109.4377502822876,174.72999572753906,59.83000183105469,0.022436864978986337,1.0050353452883987,1.076483779390196,1.7096565486953637,33.13189626719488,95.5,True,8,True,True,True,True,True,True,True,True,Semtech Corporation,Technology,US,USD,US $1bn+,0.042866081482966056,0.8633177570093458,0.45093457943925236,0.9065420560747663,0.616822429906542,0.7094042056074766,63
WTTR,20.639999389648438,19.835000114440916,17.395417563120525,15.81329448223114,22.184724807739258,8.865832328796387,0.11748782658183177,0.4942566081990696,0.8746437176946602,1.370127464419245,55.12454331450315,93.1,True,8,True,True,True,True,True,True,True,True,"Select Water Solutions, Inc.",Energy,US,USD,US $1bn+,0.06963013656820007,0.7675233644859814,0.2827102803738318,0.8504672897196262,0.9322429906542056,0.7082359813084111,64
OII,51.09000015258789,48.16239990234375,40.53599993387858,37.05539993286133,54.11000061035156,22.200000762939453,0.28366837014947577,0.44159148228872813,0.8571428472381544,1.090425492478733,54.64063614204512,93.0,True,8,True,True,True,True,True,True,True,True,"Oceaneering International, Inc.",Energy,US,USD,US $1bn+,0.05581224216778013,0.7628504672897196,0.3644859813084112,0.7827102803738317,0.9205607476635514,0.7076518691588785,65
BVC,16.079999923706055,12.434900016784669,10.494913355509441,9.1751600086689,16.790000915527344,0.7300000190734863,0.17201163343623804,1.0380228385058885,17.568129313722718,6.514018287595405,24.139745604829056,98.9,True,8,True,True,True,True,True,True,True,True,BitVentures Limited,Technology,US,USD,US $1bn+,0.04228713240656719,0.9964953271028038,0.45560747663551404,0.9976635514018691,0.37383177570093457,0.7058995327102804,66
UGP,7.449999809265137,6.3878684425354,5.706022809346517,5.311017113924026,7.559999942779541,3.630000114440918,0.5204080947485146,0.5050505245112611,0.9005101184356432,0.9656991779025355,31.15732290440218,94.6,True,8,True,True,True,True,True,True,True,True,Ultrapar Participações S.A.,Utilities,US,USD,US $1bn+,0.014550282321028854,0.830607476635514,0.6822429906542056,0.7406542056074766,0.5630841121495327,0.7041471962616822,67
PAA,26.100000381469727,24.229360542297364,22.48063709259033,21.26978937149048,26.100000381469727,14.891547203063965,0.16103206908131806,0.25330944300755065,0.5626732380649593,0.597461440462739,58.27625655726139,84.8,True,8,True,True,True,True,True,True,True,True,"Plains All American Pipeline, L.P.",Energy,US,USD,US $1bn+,0.0,0.44742990654205606,0.9287383177570093,0.48364485981308414,0.955607476635514,0.703855140186916,68
NHC,224.47000122070312,221.9579983520508,190.82828572591146,177.4655475616455,236.75,113.0333251953125,0.1492793130417398,0.45042557773034675,0.6971206714433975,1.0131886887899566,82.7351811677706,90.3,True,8,True,True,True,True,True,True,True,True,National HealthCare Corporation,Health Care,US,USD,US $1bn+,0.05186905503398891,0.6682242990654206,0.38317757009345793,0.764018691588785,1.0,0.7038551401869159,69
TIGO,96.68000030517578,94.87956939697266,83.53866381327312,75.9326859664917,104.30999755859375,43.10802459716797,0.05815270116150928,0.4083982811194773,0.9834197476720092,1.2048679715167196,71.57368993492423,92.0,True,8,True,True,True,True,True,True,True,True,Millicom International Cellular S.A.,Telecommunications,US,USD,US $1bn+,0.07314732462851409,0.7184579439252337,0.2733644859813084,0.8271028037383178,0.9953271028037384,0.7035630841121496,70
SHG,84.05999755859375,74.40999969482422,68.22013320922852,64.94869997024536,84.47000122070312,48.709999084472656,0.28179315662641624,0.41921320628495695,0.5685761768846431,0.7200736524622595,39.17508562895261,89.4,True,8,True,True,True,True,True,True,True,True,"Shinhan Financial Group Co., Ltd.",Finance,US,USD,US $1bn+,0.004853837530298099,0.6226635514018691,0.7920560747663551,0.6191588785046729,0.7710280373831776,0.7012266355140186,71
OPY,123.29000091552734,115.1410041809082,102.57560928344726,95.45824611663818,124.73999786376953,63.119808197021484,0.21924443796254423,0.4822885696540562,0.7765293476598705,0.733355865714872,40.015583223334865,90.2,True,8,True,True,True,True,True,True,True,True,Oppenheimer Holdings Inc.,Finance,US,USD,US $1bn+,0.011624154024964401,0.6647196261682243,0.719626168224299,0.6285046728971962,0.7897196261682243,0.700642523364486,72
TBBB,50.459999084472656,44.673800201416014,39.67646684010823,38.210100116729734,51.65999984741211,24.1200008392334,0.20688824269466344,0.5887908917137052,0.45041672194816007,1.0151756086072,38.406757588221836,90.4,True,8,True,True,True,True,True,True,True,True,BBB Foods Inc.,Consumer Staples,US,USD,US $1bn+,0.023228818553695112,0.6717289719626168,0.6098130841121495,0.7663551401869159,0.7523364485981309,0.7000584112149533,73
SUN,77.66999816894531,74.14525283813477,67.82313217163086,64.24721271514892,77.79000091552734,46.14226150512695,0.2077437586306714,0.25408982893554155,0.5081830092781068,0.6133027133661577,61.73361783336384,85.5,True,8,True,True,True,True,True,True,True,True,Sunoco LP,Energy,US,USD,US $1bn+,0.001542650021464108,0.4824766355140187,0.8434579439252337,0.5,0.9742990654205608,0.7000584112149533,74
APA,44.72999954223633,38.76773002624512,36.76553469340006,33.83173075675964,44.84000015258789,21.313308715820312,0.21615010948326718,0.33976193996442894,0.7225312718057952,0.9736592417191641,31.06285117380132,90.4,True,8,True,True,True,True,True,True,True,True,APA Corporation,Energy,US,USD,US $1bn+,0.002453180418760858,0.6717289719626168,0.822429906542056,0.75,0.5560747663551402,0.7000584112149533,75
PR,23.780000686645508,21.442000160217287,20.09336325327555,18.639384360313414,23.8700008392334,11.760539054870605,0.2452248998057689,0.2681831072333285,0.652885384318417,0.7388401390283386,38.442518845479995,88.6,True,8,True,True,True,True,True,True,True,True,Permian Resources Corporation,Energy,US,USD,US $1bn+,0.0037704293851537644,0.5934579439252337,0.8084112149532711,0.6308411214953271,0.7546728971962616,0.6968457943925233,76
TX,57.900001525878906,50.9883999633789,45.49535135904948,43.7864363861084,58.11000061035156,33.15614318847656,0.19111295615884072,0.5533133793019036,0.5995877658046909,0.7483318833145942,35.60538784087861,89.6,True,8,True,True,True,True,True,True,True,True,Ternium S.A.,Industrials,US,USD,US $1bn+,0.003613820035569705,0.6343457943925234,0.8107476635514018,0.6378504672897196,0.6869158878504673,0.692464953271028,77
SSL,14.59000015258789,11.637200012207032,11.605000003178914,10.357900002002715,14.649999618530273,5.329999923706055,0.08718331368423149,0.3764150592006805,1.3532259034564698,1.0462832985146355,26.152639513689724,92.9,True,8,True,True,True,True,True,True,True,True,Sasol Limited,Energy,US,USD,US $1bn+,0.00409552679212985,0.7570093457943925,0.8014018691588785,0.7710280373831776,0.4182242990654206,0.6869158878504673,78
KNSA,76.2699966430664,73.0698998260498,57.4896666208903,53.59012491226196,80.91999816894531,35.41999816894531,0.47867378704020624,0.6555241404013952,0.8539134121197218,1.1051614023387475,38.59136911731741,94.9,True,8,True,True,True,True,True,True,True,True,"Kiniksa Pharmaceuticals International, plc",Health Care,US,USD,US $1bn+,0.05746418229237477,0.844626168224299,0.352803738317757,0.7873831775700935,0.7616822429906542,0.686623831775701,79
CCC.L,5220.0,4901.26,4022.9772037760417,3787.625877685547,5670.0,2369.5087890625,0.25965250965250974,0.715042557778987,0.7413574595625936,1.2621674534111023,43.32156248598936,94.1,True,8,True,True,True,True,True,True,True,True,Computacenter plc,Technology,UK,GBp,UK $1bn+,0.07936507936507936,0.8130841121495327,0.2383177570093458,0.8387850467289719,0.8434579439252337,0.683411214953271,80
MT,74.51000213623047,70.79908767700195,64.11554206848145,59.967808437347415,78.73999786376953,34.00569152832031,0.07844848871944987,0.39348333486005926,0.7297816353653417,1.1917413944104416,43.3485698772362,90.6,True,8,True,True,True,True,True,True,True,True,ArcelorMittal S.A.,Industrials,US,USD,US $1bn+,0.053721054639314404,0.6810747663551402,0.37850467289719625,0.8177570093457944,0.8457943925233645,0.6807827102803738,81
CIB,102.04000091552734,91.69800064086914,77.63024470011393,74.98533786773682,103.26000213623047,49.63634490966797,0.28337139746524653,0.5956387073698535,0.6603776653375995,0.970207480670563,29.834357945272664,92.3,True,8,True,True,True,True,True,True,True,True,Grupo Cibest S.A.,Finance,US,USD,US $1bn+,0.011814847912685328,0.7313084112149533,0.7172897196261683,0.7453271028037384,0.5233644859813084,0.6793224299065421,82
EQNR,44.79999923706055,39.769351654052734,36.95857369740804,33.5836264705658,45.22999954223633,21.890958786010742,0.21904759828736187,0.31679782262864165,0.9957449556422799,0.8679655948444118,30.794934292107097,91.5,True,8,True,True,True,True,True,True,True,True,Equinor ASA,Energy,US,USD,US $1bn+,0.009506971247573012,0.7126168224299065,0.7453271028037384,0.7032710280373832,0.5537383177570093,0.6787383177570093,83
LITE,927.030029296875,826.4411010742188,812.6972338867188,699.3463752746582,1053.0899658203125,149.61000061035156,0.04208680550719479,0.5046989707469345,1.572725179259971,4.622452704048355,34.54811250475855,97.8,True,8,True,True,True,True,True,True,True,True,Lumentum Holdings Inc.,Telecommunications,US,USD,US $1bn+,0.11970481213847874,0.9626168224299065,0.10514018691588785,0.9883177570093458,0.6495327102803738,0.6764018691588785,84
CMPS,14.350000381469727,13.128200092315673,10.278133341471355,9.34592500448227,15.170000076293945,4.900000095367432,0.2576687619083917,1.1644042434047237,1.2562893207897172,1.8415841266298152,28.151875974368785,96.8,True,8,True,True,True,True,True,True,True,True,COMPASS Pathways plc,Health Care,US,USD,US $1bn+,0.05405403366514326,0.9170560747663551,0.37616822429906543,0.9182242990654206,0.49065420560747663,0.6755257009345794,85
AAMI,91.0199966430664,87.59898834228515,71.36589930216472,65.90915307998657,97.30999755859375,41.78427505493164,0.1729381241343808,0.8158456337460505,0.9667837625148816,0.9612782219404832,45.33437964043256,93.5,True,8,True,True,True,True,True,True,True,True,Acadian Asset Management Inc.,Finance,US,USD,US $1bn+,0.06463879430004008,0.7838785046728972,0.3130841121495327,0.735981308411215,0.8644859813084113,0.674357476635514,86
SLDE,24.84000015258789,21.835063934326172,19.28415465037028,18.840615963935853,24.84000015258789,12.739999771118164,0.4663517927669154,0.43833233897924706,0.37086087208143836,0.8468401862338069,23.343547828914826,91.3,True,8,True,True,True,True,True,True,True,True,"Slide Insurance Holdings, Inc.",Finance,US,USD,US $1bn+,0.0,0.7032710280373832,0.9287383177570093,0.6915887850467289,0.352803738317757,0.6691004672897196,87
UMC,22.639999389648438,20.57174301147461,16.336410853068035,14.40316734790802,27.52573013305664,6.643125534057617,0.11403831992688374,1.4639905009818697,1.847751761824302,2.3681743324502547,36.01249301370443,97.4,True,8,True,True,True,True,True,True,True,True,United Microelectronics Corporation,Technology,US,USD,US $1bn+,0.17749686274591325,0.9462616822429907,0.04672897196261682,0.9532710280373832,0.7149532710280374,0.665303738317757,88
YPF,55.54999923706055,50.558200149536134,46.137266616821286,43.60329998016358,56.349998474121094,23.56999969482422,-0.014196969986218333,0.45190804166335563,0.5547159235587187,0.9395949867631068,36.085482215168255,86.7,True,8,True,True,True,True,True,True,True,True,YPF Sociedad Anónima,Energy,US,USD,US $1bn+,0.014196969986218349,0.5257009345794392,0.6869158878504673,0.7289719626168224,0.7172897196261683,0.6647196261682242,89
TALO,17.68000030517578,15.473600063323975,14.803333377838134,13.944700031280517,17.75,8.930000305175781,0.19459459981925287,0.3067258428757742,0.49198310008686885,0.7931035416621732,33.61245281096863,87.3,True,8,True,True,True,True,True,True,True,True,Talos Energy Inc.,Energy,US,USD,US $1bn+,0.0039436447788292256,0.5502336448598131,0.8060747663551402,0.6635514018691588,0.633177570093458,0.6632593457943926,90
IUVL.L,19.389999389648438,18.883899803161622,16.966783250172934,16.054087438583373,19.635000228881836,11.369999885559082,0.003103955829239391,0.41687970735126423,0.5095367058434137,0.6971552792946833,55.56361346685067,83.2,True,8,True,True,True,True,True,True,True,True,iShares Edge MSCI USA Value,Factor,UK,GBP,Factor ETF,0.012477760956326234,0.39953271028037385,0.705607476635514,0.5957943925233645,0.9369158878504673,0.6594626168224299,91
GSAT,82.4800033569336,81.40740005493164,75.78193331400553,72.65360008239746,84.43000030517578,29.940000534057617,0.016890676072898403,0.4442304758439024,0.20867535080513933,1.650385640509044,27.65910811506414,89.9,True,8,True,True,True,True,True,True,True,True,"Globalstar, Inc.",Consumer Discretionary,US,USD,US $1bn+,0.023096019675397865,0.647196261682243,0.6121495327102804,0.8995327102803738,0.4696261682242991,0.6571261682242991,92
HAFN,9.380000114440918,7.838000001907349,7.576417118708292,6.992955460548401,9.380000114440918,4.78993034362793,0.2884615170482052,0.46467613786801776,0.7836734997357762,0.7013508811547879,25.177382122071435,91.0,True,8,True,True,True,True,True,True,True,True,Hafnia Limited,Consumer Discretionary,US,USD,US $1bn+,0.0,0.6962616822429907,0.9287383177570093,0.5981308411214953,0.39953271028037385,0.6556658878504673,93
AYA,27.969999313354492,23.95220012664795,19.8017999903361,18.679749970436095,29.889999389648438,9.25,0.6001144190977543,0.647232041660629,1.0551065406994362,1.5175517711689737,29.834089821066605,96.5,True,8,True,True,True,True,True,True,True,True,Aya Gold & Silver Inc.,Basic Materials,US,USD,US $1bn+,0.06423553414186028,0.9030373831775701,0.32009345794392524,0.8738317757009346,0.5210280373831776,0.6544976635514019,94
SIMO,284.4800109863281,264.36121551513673,216.9594983927409,187.89148262023926,336.8999938964844,79.69178771972656,0.03696148860463122,1.373340127756975,2.0258157905029894,2.4386279559282253,34.3218005629001,97.4,True,8,True,True,True,True,True,True,True,True,Silicon Motion Technology Corporation,Technology,US,USD,US $1bn+,0.1555950841787868,0.9462616822429907,0.06775700934579439,0.955607476635514,0.647196261682243,0.6542056074766355,95
COHU,57.08000183105469,52.34839996337891,46.0084000269572,41.00170002937317,73.91000366210938,18.739999771118164,-0.025439608528821656,1.0771471172451665,1.2668785202247128,1.7311006159276023,41.35362061846773,95.8,True,8,True,True,True,True,True,True,True,True,"Cohu, Inc.",Industrials,US,USD,US $1bn+,0.22770938975995125,0.8703271028037384,0.011682242990654205,0.9088785046728972,0.822429906542056,0.6533294392523364,96
MGRT,120.42500305175781,94.99290008544922,73.23128688176473,56.57263015985489,142.1999969482422,3.5199999809265137,0.6271449746764104,13.019208488078737,23.466681172643536,32.638269725741374,30.44237765873518,99.0,True,8,True,True,True,True,True,True,True,True,Mega Fortune Company Limited,Technology,US,USD,US $1bn+,0.15312935558226498,1.0,0.07242990654205607,1.0,0.5397196261682243,0.6530373831775701,97
DAR,65.11000061035156,62.960999755859376,59.35566652933756,54.192649898529055,68.33999633789062,29.90999984741211,0.14228071246230822,0.15586718434041424,0.8377081583270545,1.0801917634955887,38.56889273493389,90.1,True,8,True,True,True,True,True,True,True,True,Darling Ingredients Inc.,Consumer Staples,US,USD,US $1bn+,0.04726362160701806,0.6600467289719626,0.4135514018691589,0.7780373831775701,0.7593457943925234,0.6527453271028038,98
ARW,228.1999969482422,209.8320004272461,190.19006713867188,171.70775047302246,234.8300018310547,101.87000274658203,0.023961214768311256,0.6238525505620443,1.0073891303275477,0.7960018993626039,35.65057219801741,90.6,True,8,True,True,True,True,True,True,True,True,"Arrow Electronics, Inc.",Technology,US,USD,US $1bn+,0.028233210540032992,0.6810747663551402,0.572429906542056,0.6658878504672897,0.6892523364485982,0.652161214953271,99
BC94.L,4840.0,4482.099105224609,4202.989392496745,3699.957044372559,6010.0,968.0700073242188,-0.09448082319925166,0.5087281795511223,1.6318651441000545,2.5772357723577235,35.73369827455155,96.7,True,8,True,True,True,True,True,True,True,True,"Samsung Electronics Co., Ltd.",Technology,UK,USD,UK $1bn+,0.194675540765391,0.9112149532710281,0.037383177570093455,0.9602803738317757,0.6985981308411215,0.6518691588785047,100
